,대분류,중분류,소분류,과정명,학습시간,수료여부
0,정규강좌,정보화/IT,리모트 리더십,[리모트 워크] 슬기로운 조직관리 리더십,1,수료
1,정규강좌,취업,직업기초능력,NCS 직업기초능력평가 - 직업윤리,1,수료
2,정규강좌,생활/인문교양,재테크/자녀교육,기술이 그리는 공부의 미래,1,수료
3,테마강좌,법정의무교육,필수교육,"[고민 영수증] 김지민, 박영진과 함께하는 직장 내 성희롱 예방교육",1,수료
4,테마강좌,법정의무교육,필수교육,"[생생고민톡] 김기리, 윤태진과 함께하는 개인정보보호 교육",1,수료
5,테마강좌,법정의무교육,필수교육,"[고민 영수증] 김지민, 박영진과 함께하는 직장 내 괴롭힘 예방교육",1,수료
6,테마강좌,법정의무교육,필수교육,"[생생고민톡] 김기리, 윤태진과 함께하는 직장 내 장애인 인식개선 교육",1,수료
7,테마강좌,법정의무교육,인권교육,[직장인의 품격] 공정사회 및 인권사회 구현,1,수료
8,테마강좌,법정의무교육,필수교육,"[고민 영수증] 김지민, 박영진과 함께하는 가정폭력 예방교육",1,수료
9,테마강좌,법정의무교육,필수교육,"[생생고민톡] 김기리, 윤태진과 함께하는 성폭력 예방교육",1,수료
10,테마강좌,법정의무교육,필수교육,[직장인의 품격] 갑질예방교육,1,수료
11,테마강좌,법정의무교육,필수교육,[직장인의 품격] 육아휴직 복귀지원 교육,1,학습중
12,테마강좌,법정의무교육,필수교육,[직장인의 품격] 지능정보서비스 과의존 예방교육,1,학습중
13,테마강좌,법정의무교육,필수교육,"[직장인 고민타파] 최양락, 팽현숙과 함께하는 성폭력 예방교육(2022)",1,학습중
14,테마강좌,법정의무교육,인권교육,[직장인의 품격] 청탁금지법,1,학습중
15,테마강좌,법정의무교육,필수교육,"[생생고민톡] 김기리, 윤태진과 함께하는 성매매 예방교육",1,학습중
16,테마강좌,법정의무교육,필수교육,"[고민 영수증] 김지민, 박영진과 함께하는 감정노동자 보호 교육",1,학습중
17,테마강좌,외국인근로자(Foreign),,위생 및 정리수납 노하우(CAM),1,학습중
18,테마강좌,외국인근로자(Foreign),,위생 및 정리수납 노하우(KOR),1,학습중
19,테마강좌,외국인근로자(Foreign),-,위생 및 정리수납 노하우(INA),1,학습중
20,테마강좌,외국인근로자(Foreign),-,위생 및 정리수납 노하우(VIE),1,학습중
21,테마강좌,주민자치강좌,-,금호1동 주민자치회 활성화 사례,1,학습중
22,테마강좌,주민자치강좌,-,고양동 주민자치회 활성화 사례,1,학습중
23,테마강좌,주민자치강좌,-,주민자치&주민주권의 실현,1,학습중
24,테마강좌,주민자치강좌,-,담양군 주민자치회 활성화 사례,1,학습중
25,테마강좌,주민자치강좌,-,주민세 연계 주민자치 활성화 사례,1,학습중
26,테마강좌,주민자치강좌,-,주민주권시대 풀뿌리 주민자치,1,학습중
27,테마강좌,주민자치강좌,-,청양읍 주민자치회 활성화 사례,1,학습중
28,정규강좌,정보화/IT,SNS활용,인스타그램 마케팅 실전기법,2,학습중
29,정규강좌,정보화/IT,인공지능,"ChatGPT, 멀티모달 AI의 미래를 열다",2,학습중
30,정규강좌,정보화/IT,디지털 트랜스포메이션,세상을 뒤바꿀 미래기술 25,2,학습중
31,정규강좌,정보화/IT,메타버스,"[카드뉴스] 메타버스, 앞으로 만날 두번째 세계",2,학습중
32,정규강좌,취업,직무적성검사,취업멘토 이민영의 최종합격 취업꿀팁,2,학습중
33,정규강좌,취업,직업기초능력,NCS 직업기초능력평가 - 의사소통능력,2,학습중
34,정규강좌,취업,직업기초능력,NCS 직업기초능력평가 - 정보능력,2,학습중
35,정규강좌,취업,직업기초능력,NCS 직업기초능력평가 - 자기개발능력,2,35
36,정규강좌,취업,인생이모작,[카드뉴스] 파이어족이 온다: 빠르게 은퇴를 준비하는 사람들,2,학습중
37,정규강좌,취업,직업기초능력,NCS 직업기초능력평가 - 대인관계 능력,2,학습중
38,정규강좌,취업,직업기초능력,NCS 직업기초능력평가 - 문제해결능력,2,학습중
39,정규강좌,취업,직업기초능력,NCS 직업기초능력평가 - 조직이해능력,2,학습중
40,정규강좌,취업,창업,청년 창업 지원,2,학습중
41,정규강좌,취업,직무적성검사,확신의 덫,2,학습중
42,정규강좌,취업,직업기초능력,NCS 직업기초능력평가 - 기술능력,2,학습중
43,정규강좌,취업,직업기초능력,NCS 직업기초능력평가 - 수리능력,2,학습중
44,정규강좌,취업,직업기초능력,NCS 직업기초능력평가 - 자원관리능력,2,학습중
45,정규강좌,생활/인문교양,인문,통신서비스 활용 및 피해예방 교육,2,학습중
46,정규강좌,시민교육,ESG,"[카드뉴스] 지속가능한 기업의 성공 법칙, ESG 빠르게 읽기",2,학습중
47,정규강좌,시민교육,ESG,"기후 변화 시대, 새로운 마인드셋",2,학습중
48,정규강좌,외국어,영어,스낵영어네이티브: The Life 1.1 [기초],2,학습중
49,정규강좌,외국어,영어,스낵영어네이티브: The Life 1.2 [기초],2,학습중
50,정규강좌,외국어,영어,스낵영어네이티브: The Life 1.3 [기초],2,학습중
51,정규강좌,외국어,영어,스낵영어네이티브: The Life 1.4 [기초],2,학습중
52,정규강좌,다문화,-,Magic Hangul Phonics,2,학습중
53,정규강좌,다문화,-,[공통 이문화] Let′s Culturally Fluent! 이문화 이해와 글로벌 에티켓,2,학습중
54,정규강좌,다문화,-,비즈니스 한국어 - 입문,2,학습중
55,테마강좌,우와'한 광주-광주학 콘텐츠,,책 읽기는 애쓰기다,2,학습중
56,테마강좌,우와'한 광주-광주학 콘텐츠,,시에서 찾는 인생의 지혜,2,학습중
57,테마강좌,우와'한 광주-광주학 콘텐츠,,유네스코 미디어아트 창의도시 광주와 나,2,학습중
58,테마강좌,우와'한 광주-광주학 콘텐츠,,위드 코로나시대 미래교육과 에듀테크,2,학습중
59,테마강좌,법정의무교육,인권교육,[직장인의 품격] 공공기관 청렴·반부패 교육,2,학습중
60,테마강좌,법정의무교육,인권교육,[직장인의 품격] 윤리경영,2,학습중
61,테마강좌,법정의무교육,안전보건교육,안전한 일터를 위한 중대재해처벌법,2,학습중
62,테마강좌,주민자치강좌,-,주민자치와 주민자치회의 이해,2,학습중
63,테마강좌,주민자치강좌,-,주민주권과 자치,2,학습중
64,테마강좌,주민자치강좌,-,Yes!를 이끄는 설득협상 기법,2,학습중
65,정규강좌,자격증,공인중개사,[2023 휴넷공인중개사-2차] 부동산공시법-심화이론,3,학습중
66,정규강좌,자격증,공인중개사,[2022 휴넷공인중개사-2차] 부동산세법-핵심요약,3,학습중
67,정규강좌,자격증,공인중개사,[2023 휴넷공인중개사-2차] 부동산세법-심화이론,3,학습중
68,정규강좌,자격증,공인중개사,[2022 휴넷공인중개사-2차] 부동산공시법-족집게특강,3,68
69,정규강좌,자격증,공인중개사,[2022 휴넷공인중개사-2차] 부동산세법-족집게특강,3,69
70,정규강좌,자격증,공인중개사,[2022 휴넷공인중개사-2차] 부동산공시법-핵심요약,3,학습중
71,정규강좌,자격증,공인중개사,[2023 휴넷 공인중개사-2차] 부동산공시법-족집게특강,3,학습중
72,정규강좌,자격증,공인중개사,[2023 휴넷 공인중개사-2차] 부동산세법-족집게특강,3,학습중
73,정규강좌,정보화/IT,빅데이터,빅데이터는 어떻게 기업의 무기가 되는가,3,학습중
74,정규강좌,정보화/IT,SNS활용,MZ세대를 사로잡은 디지털 마케팅 트렌드,3,학습중
75,정규강좌,정보화/IT,메타버스,[카드뉴스] 메타버스 비즈니스 인사이트,3,학습중
76,정규강좌,정보화/IT,SNS활용,[마케팅 인사이트]고객경험을 연출하다,3,학습중
77,정규강좌,정보화/IT,디지털 트랜스포메이션,온디맨드가 만드는 새로운 세상,3,학습중
78,정규강좌,정보화/IT,디지털 트랜스포메이션,"직장인의 빠른 퇴근을 위한 솔루션, RPA",3,학습중
79,정규강좌,정보화/IT,리모트 리더십,"초고성장기업의 앞서가는 혁신전략, 조직문화 익스프레스",3,학습중
80,정규강좌,정보화/IT,인공지능,"패러다임을 뒤바꿀 AI의 시작, ChatGPT",3,학습중
81,정규강좌,정보화/IT,인공지능,New Creative에 도전하는 인공지능 콘텐츠,3,학습중
82,정규강좌,취업,직무적성검사,취업의 기술,3,학습중
83,정규강좌,취업,직무적성검사,"리더들의 감정주치의, 이동환의 감정수업",3,학습중
84,정규강좌,취업,직무적성검사,[정체성 리부팅] 나를 발견하는 심리학,3,학습중
85,정규강좌,취업,직무적성검사,[북콘서트] 인생을 바꾸는 커리어 멘토링,3,학습중
86,정규강좌,취업,직업기초능력,세종에게 창조습관을 묻다,3,학습중
87,정규강좌,생활/인문교양,취미,"일상이 특별해지는 시간, 데이지 미니백 만들기 (뜨개 키트 제공 없음)",3,학습중
88,정규강좌,생활/인문교양,건강,두잉 요가 : In the Office,3,학습중
89,정규강좌,생활/인문교양,건강,"먹고, 자고, 숨쉬어라",3,학습중
90,정규강좌,생활/인문교양,취미,"셀프출판 공작소, 나만의 책 만들기",3,학습중
91,정규강좌,생활/인문교양,인문,아는 만큼 보이는 우주 이야기,3,학습중
92,정규강좌,생활/인문교양,건강,두잉 요가 : On the Mat [초급편],3,학습중
93,정규강좌,생활/인문교양,취미,밀레니얼의 여행은 어떻게 달라질 것인가,3,학습중
94,정규강좌,생활/인문교양,취미,"요즘의 책읽기 - 함께, 깊게 읽는 독서 모임 만드는 법",3,학습중
95,정규강좌,생활/인문교양,건강,두잉 요가 : On the Mat [중급편],3,학습중
96,정규강좌,시민교육,ESG,ESG X Tech : DX시대의 ESG 경영 전략,3,학습중
97,정규강좌,시민교육,저작권,시니어 창업자를 위한 저작권 노하우,3,학습중
98,정규강좌,시민교육,저작권,표절예방과 저작권 기초 강좌,3,학습중
99,정규강좌,시민교육,저작권,[중등학부모] 저작권! 이제 기본입니다,3,학습중
100,정규강좌,시민교육,저작권,[초등고학년/중등] 저작권과 친구 될래요,3,학습중
101,정규강좌,시민교육,저작권,[초등저학년] 저작권과 친구 될래요,3,학습중
102,정규강좌,시민교육,저작권,[초등학부모] 저작권! 이제 기본입니다,3,학습중
103,정규강좌,시민교육,저작권,공공기관 소프트웨어 저작권&자산관리 이해,3,학습중
104,정규강좌,시민교육,저작권,청소년 예비 창업자를 위한 저작권 노하우,3,학습중
105,정규강좌,시민교육,저작권,어린이집 보육교사 과정,3,학습중
106,정규강좌,외국어,영어,스낵영어네이티브: The Life 2.1 [초급],3,학습중
107,정규강좌,외국어,영어,스낵영어네이티브: The Travel 3.1 [초중급],3,학습중
108,정규강좌,외국어,영어,스낵영어네이티브: The Life 2.2 [초급],3,학습중
109,정규강좌,외국어,영어,스낵영어네이티브: The Life 3.5 [초중급],3,학습중
110,정규강좌,외국어,영어,스낵영어네이티브: The Travel 3.2 [초중급],3,학습중
111,정규강좌,외국어,영어,스낵영어네이티브: The Life 2.3 [초급],3,학습중
112,정규강좌,외국어,영어,스낵영어네이티브: The Life 2.4 [초급],3,학습중
113,정규강좌,외국어,영어,스낵영어네이티브: The Life 3.3 [초중급],3,학습중
114,정규강좌,외국어,영어,스낵영어네이티브: The Life 3.1 [초중급],3,학습중
115,정규강좌,외국어,영어,스낵영어네이티브: The Life 3.2 [초중급],3,학습중
116,정규강좌,외국어,영어,스낵영어네이티브: The Life 3.4 [초중급],3,학습중
117,정규강좌,외국어,영어,스낵영어네이티브: The Life 3.6 [초중급],3,학습중
118,정규강좌,다문화,-,Magic Hangul Basic,3,학습중
119,테마강좌,주민자치강좌,-,합리적 의사결정을 돕는 퍼실리테이션,3,학습중
120,정규강좌,자격증,공인중개사,[2022 휴넷공인중개사-1차] 민법 및 민사특별법-족집게특강,4,120
121,정규강좌,자격증,공인중개사,[2022 휴넷공인중개사-2차] 중개사법령 및 중개실무-족집게특강,4,121
122,정규강좌,자격증,공인중개사,[2023 휴넷 공인중개사-1차] 민법 및 민사특별법-족집게특강,4,학습중
123,정규강좌,자격증,공인중개사,[2022 휴넷공인중개사-2차] 부동산공시법-실력향상 문제풀이,4,123
124,정규강좌,정보화/IT,인공지능,[IT어빌리티] 인공지능과 인간의 대화,4,학습중
125,정규강좌,정보화/IT,메타버스,[디지털융합] 가상세계로 떠나는 메타버스 튜토리얼,4,학습중
126,정규강좌,정보화/IT,디지털 트랜스포메이션,"[디지털융합] 새로운 디지털 혁명, 블록체인",4,학습중
127,정규강좌,정보화/IT,빅데이터,"빅데이터, 사람을 읽다",4,학습중
128,정규강좌,정보화/IT,SNS활용,GA(구글 애널리틱스)로 보는 마케팅 성과분석,4,학습중
129,정규강좌,정보화/IT,디지털 트랜스포메이션,"[디지털융합] 제조혁신의 미래, 스마트팩토리",4,학습중
130,정규강좌,정보화/IT,빅데이터,"데이터로 고객을 읽는 마케팅 기법, 그로스해킹",4,학습중
131,정규강좌,정보화/IT,디지털 트랜스포메이션,[Tech briefing] 빅테크의 모든 것,4,학습중
132,정규강좌,취업,인생이모작,핵심만 콕! 재취업 준비와 성공전략,4,학습중
133,정규강좌,생활/인문교양,인문,미술의 마음,4,학습중
134,정규강좌,생활/인문교양,취미,여행을 이야기하다,4,학습중
135,정규강좌,생활/인문교양,인문,"미술, 창조사회를 말하다",4,학습중
136,정규강좌,생활/인문교양,취미,인문학과 함께하는 비즈니스 트립,4,학습중
137,정규강좌,외국어,영어,스낵영어네이티브: The Travel 5.1 [중고급],4,학습중
138,정규강좌,외국어,영어,스낵영어네이티브: The Travel 4.2 [중급],4,학습중
139,정규강좌,외국어,영어,스낵영어네이티브: The Travel 5.2 [중고급],4,학습중
140,정규강좌,외국어,영어,스낵영어네이티브: The Life 5.5 [중고급],4,학습중
141,정규강좌,외국어,영어,스낵영어네이티브: The Life 5.6 [중고급],4,학습중
142,정규강좌,외국어,일본어,일본 현지 성우와 함께 배우는 마법의 360문장 (1),4,학습중
143,정규강좌,외국어,영어,스낵영어네이티브: The Life 4.1 [중급],4,학습중
144,정규강좌,외국어,영어,스낵영어네이티브: The Life 4.2 [중급],4,학습중
145,정규강좌,외국어,영어,스낵영어네이티브: The Life 4.3 [중급],4,학습중
146,정규강좌,외국어,영어,스낵영어네이티브: The Life 4.4 [중급],4,학습중
147,정규강좌,외국어,영어,스낵영어네이티브: The Life 4.5 [중급],4,학습중
148,정규강좌,외국어,영어,스낵영어네이티브: The Life 4.6 [중급],4,학습중
149,정규강좌,외국어,영어,스낵영어네이티브: The Life 5.2 [중고급],4,학습중
150,정규강좌,외국어,영어,스낵영어네이티브: The Life 5.3 [중고급],4,학습중
151,정규강좌,외국어,영어,스낵영어네이티브: The Life 5.4 [중고급],4,학습중
152,정규강좌,외국어,영어,스낵영어네이티브: The Travel 4.1 [중급],4,학습중
153,정규강좌,외국어,영어,스낵영어네이티브: The Life 5.1 [중고급],4,학습중
154,정규강좌,외국어,일본어,일본 현지 성우와 함께 배우는 마법의 360문장 (2),4,학습중
155,정규강좌,외국어,일본어,일본 현지 성우와 함께 배우는 마법의 360문장 (3),4,학습중
156,정규강좌,외국어,일본어,JLPT 한 권으로 끝내기 N2 - 청해,4,학습중
157,정규강좌,외국어,영어,The 빠른 Toeic Speaking 실전 모의고사,4,학습중
158,테마강좌,법정의무교육,필수교육,"[2022 법정필수교육] 4대 폭력 예방 (성희롱 예방, 성폭력 예방, 성매매 예방, 가정폭력 예방)",4,학습중
159,테마강좌,법정의무교육,안전보건교육,모두의 안전을 위한 중대재해처벌법,4,학습중
160,정규강좌,자격증,공인중개사,[2022 휴넷공인중개사-1차] 부동산학개론 핵심요약,5,학습중
161,정규강좌,자격증,공인중개사,[2023 휴넷공인중개사-1차] 민법 및 민사특별법-심화이론,5,학습중
162,정규강좌,자격증,공인중개사,[2022 휴넷공인중개사-1차] 민법 및 민사특별법-핵심요약,5,학습중
163,정규강좌,자격증,공인중개사,[2022 휴넷공인중개사-1차] 부동산학개론-족집게특강,5,163
164,정규강좌,자격증,공인중개사,[2022 휴넷공인중개사-2차] 부동산세법-실전 문제풀이,5,164
165,정규강좌,자격증,공인중개사,[2023 휴넷공인중개사-1차] 부동산학개론 심화이론,5,학습중
166,정규강좌,자격증,공인중개사,[2023 휴넷 공인중개사-1차] 부동산학개론-족집게특강,5,학습중
167,정규강좌,자격증,공인중개사,[2022 휴넷공인중개사-2차] 중개사법령 및 중개실무-핵심요약,5,학습중
168,정규강좌,자격증,공인중개사,[2022 휴넷공인중개사-2차] 부동산공시법-실전 문제풀이,5,168
169,정규강좌,자격증,공인중개사,[2022 휴넷공인중개사-2차] 부동산세법-기출 문제풀이,5,169
170,정규강좌,자격증,공인중개사,[2023 휴넷공인중개사-2차] 부동산공시법-기출 문제풀이,5,학습중
171,정규강좌,자격증,공인중개사,[2023 휴넷공인중개사-2차] 부동산세법-기출 문제풀이,5,학습중
172,정규강좌,자격증,공인중개사,[2022 휴넷공인중개사-2차] 부동산공법-핵심요약,5,학습중
173,정규강좌,자격증,공인중개사,[2022 휴넷공인중개사-2차] 부동산공법-족집게특강,5,173
174,정규강좌,자격증,공인중개사,[2022 휴넷공인중개사-2차] 부동산세법-실력향상 문제풀이,5,174
175,정규강좌,자격증,공인중개사,[2023 휴넷 공인중개사-2차] 부동산공법-족집게특강,5,학습중
176,정규강좌,자격증,공인중개사,[2023 휴넷 공인중개사-2차] 중개사법령 및 실무-족집게특강,5,학습중
177,정규강좌,자격증,공인중개사,[2023 휴넷공인중개사-2차] 부동산공시법-실력향상 문제풀이,5,학습중
178,정규강좌,자격증,공인중개사,[2023 휴넷공인중개사-2차] 부동산공시법-실전 문제풀이,5,학습중
179,정규강좌,자격증,공인중개사,[2023 휴넷공인중개사-2차] 부동산세법-실력향상 문제풀이,5,학습중
180,정규강좌,자격증,공인중개사,[2023 휴넷공인중개사-2차] 부동산세법-실전 문제풀이,5,학습중
181,정규강좌,정보화/IT,디지털 트랜스포메이션,[디지털융합] 기업의 미래를 바꾸는 디지털 혁신 기술,5,학습중
182,정규강좌,정보화/IT,디지털 트랜스포메이션,"[스마트팩토리] 인더스트리 4.0시대, 혁신을 위한 스마트 공장 DNA",5,학습중
183,정규강좌,정보화/IT,디지털 트랜스포메이션,"새로운 혁신의 시작, 디지털 트랜스포메이션",5,학습중
184,정규강좌,정보화/IT,디지털 트랜스포메이션,[4차산업혁명 테크놀로지] 기술이 미래를 바꾸는 순간,5,학습중
185,정규강좌,정보화/IT,인공지능,인공지능이 바꾸는 미래 비즈니스,5,학습중
186,정규강좌,취업,직업기초능력,"이소은의 퍼블릭 스피킹, 말하기를 말하다",5,학습중
187,정규강좌,취업,직무적성검사,최고의 리더를 위한 리더십 어드바이스,5,학습중
188,정규강좌,취업,직업기초능력,"실례합니다만, 비즈니스 매너는 지켜주시겠어요?",5,학습중
189,정규강좌,생활/인문교양,인문,[리더십 마스터] 오늘부터 시작하라: 생각을 바꾸는 인문학,5,학습중
190,정규강좌,생활/인문교양,취미,술을 알면 세상이 즐겁다,5,학습중
191,정규강좌,생활/인문교양,인문,"품격있는 삶을 위한 예술 강의, 미학 수업",5,학습중
192,정규강좌,생활/인문교양,인문,도시와 공간을 잇는 인문 기행,5,학습중
193,정규강좌,생활/인문교양,인문,세계의 미술관 산책,5,학습중
194,정규강좌,생활/인문교양,취미,인사이트를 찾아 떠나는 비즈니스 트립,5,학습중
195,정규강좌,다문화,-,단박에 한국사 - 근대편,5,학습중
196,테마강좌,법정의무교육,필수교육,[2022 법정필수교육] 4대 폭력 예방+개인정보보호,5,학습중
197,테마강좌,법정의무교육,필수교육,[2022 법정필수교육] 4대 폭력 예방+직장 내 장애인 인식개선,5,학습중
198,정규강좌,자격증,워드프로세스,[HD]워드프로세서 실기,6,학습중
199,정규강좌,자격증,정보처리기사,[핵심공략]정보처리기사_필기_정보시스템구축관리,6,학습중
200,정규강좌,자격증,TAT(세무실무),TAT(세무실무) 2급,6,학습중
201,정규강좌,자격증,공인중개사,[2022 휴넷공인중개사-2차] 부동산공법-기출 문제풀이,6,201
202,정규강좌,자격증,공인중개사,[2022 휴넷공인중개사-2차] 부동산공시법-기출 문제풀이,6,202
203,정규강좌,자격증,공인중개사,[2022 휴넷공인중개사-2차] 부동산공법-실력향상 문제풀이,6,203
204,정규강좌,자격증,공인중개사,[2022 휴넷공인중개사-2차] 부동산공법-실전 문제풀이,6,204
205,정규강좌,자격증,TAT(세무실무),TAT(세무실무) 1급,6,학습중
206,정규강좌,정보화/IT,메타버스,"[디지털융합] 비즈니스 혁명, 메타버스에 탑승하라",6,학습중
207,정규강좌,취업,직업기초능력,조영탁의 직장인 자기계발 특강,6,학습중
208,정규강좌,생활/인문교양,인문,"똑똑한 선택을 이끄는 힘, 행동경제학",6,학습중
209,정규강좌,생활/인문교양,인문,[4대 비극] 시공을 초월한 인간의 보편적 본성에 대한 이야기,6,학습중
210,정규강좌,시민교육,저작권,4차산업 종사자를 위한 저작권 노하우,6,학습중
211,정규강좌,시민교육,저작권,방송 종사자를 위한 저작권 노하우,6,학습중
212,정규강좌,시민교육,저작권,성공적인 창업을 위한 저작권 노하우,6,학습중
213,정규강좌,시민교육,저작권,소프트웨어 종사자를 위한 저작권 노하우,6,학습중
214,정규강좌,시민교육,저작권,게임 종사자를 위한 저작권 노하우,6,학습중
215,정규강좌,시민교육,저작권,공공기관 근무자를 위한 저작권 기초와 실무,6,학습중
216,정규강좌,시민교육,저작권,만화(웹툰)창작자를 위한 저작권 노하우,6,학습중
217,정규강좌,시민교육,저작권,모바일 콘텐츠 산업 종사자를 위한 저작권 노하우,6,학습중
218,정규강좌,시민교육,저작권,음악종사자를 위한 저작권 노하우,6,학습중
219,정규강좌,시민교육,저작권,인터넷 종사자를 위한 저작권 노하우,6,학습중
220,정규강좌,시민교육,저작권,저작권 개요,6,학습중
221,정규강좌,시민교육,저작권,출판 종사자를 위한 저작권 노하우,6,학습중
222,정규강좌,시민교육,저작권,캐릭터 디자인 산업종사자를 위한 저작권 노하우,6,학습중
223,정규강좌,외국어,중국어,바로 쓰는 비즈니스 중국어,6,학습중
224,정규강좌,외국어,일본어,패턴으로 배우는 일본어 문법,6,학습중
225,정규강좌,외국어,기타 외국어,관광통역안내사 - 인도네시아어,6,학습중
226,정규강좌,외국어,기타 외국어,바로 쓰는 비즈니스 베트남어 초급,6,학습중
227,정규강좌,외국어,기타 외국어,챠오 이탈리아어 첫걸음,6,학습중
228,테마강좌,법정의무교육,안전보건교육,2023 안전보건교육Ⅰ(현장근로자_기타사업),6,학습중
229,테마강좌,법정의무교육,안전보건교육,2023 안전보건교육Ⅰ(현장근로자_서비스업),6,학습중
230,테마강좌,법정의무교육,안전보건교육,2023 안전보건교육Ⅰ(현장근로자_건설업),6,학습중
231,테마강좌,법정의무교육,안전보건교육,2023 안전보건교육Ⅰ(현장근로자_보건업),6,학습중
232,테마강좌,법정의무교육,안전보건교육,2023 안전보건교육Ⅱ(현장근로자_기타사업),6,학습중
233,테마강좌,법정의무교육,안전보건교육,안전보건교육Ⅱ(현장근로자_기타사업),6,233
234,테마강좌,법정의무교육,안전보건교육,안전보건교육Ⅳ(현장근로자_건설업),6,234
235,테마강좌,법정의무교육,안전보건교육,안전보건교육Ⅳ(현장근로자_서비스업),6,235
236,테마강좌,법정의무교육,안전보건교육,2023 안전보건교육Ⅰ(현장근로자_제조업),6,학습중
237,테마강좌,법정의무교육,안전보건교육,안전보건교육Ⅱ(현장근로자_보건업),6,237
238,테마강좌,법정의무교육,안전보건교육,안전보건교육Ⅳ(현장근로자_기타사업),6,238
239,테마강좌,법정의무교육,안전보건교육,안전보건교육Ⅳ(현장근로자_제조업),6,239
240,테마강좌,법정의무교육,안전보건교육,안전보건교육Ⅱ(현장근로자_제조업),6,240
241,테마강좌,법정의무교육,안전보건교육,안전보건교육Ⅲ(현장근로자_건설업),6,241
242,테마강좌,법정의무교육,안전보건교육,안전보건교육Ⅲ(현장근로자_서비스업),6,242
243,테마강좌,법정의무교육,안전보건교육,안전보건교육Ⅲ(현장근로자_제조업),6,243
244,테마강좌,법정의무교육,안전보건교육,2023 안전보건교육Ⅰ(현장근로자_유통업),6,학습중
245,테마강좌,법정의무교육,안전보건교육,안전보건교육Ⅱ(현장근로자_건설업),6,245
246,테마강좌,법정의무교육,안전보건교육,안전보건교육Ⅱ(현장근로자_서비스업),6,246
247,테마강좌,법정의무교육,안전보건교육,안전보건교육Ⅱ(현장근로자_유통업),6,247
248,테마강좌,법정의무교육,안전보건교육,안전보건교육Ⅲ(현장근로자_기타사업),6,248
249,테마강좌,법정의무교육,안전보건교육,안전보건교육Ⅲ(현장근로자_보건업),6,249
250,테마강좌,법정의무교육,안전보건교육,안전보건교육Ⅲ(현장근로자_유통업),6,250
251,테마강좌,법정의무교육,안전보건교육,안전보건교육Ⅳ(현장근로자_보건업),6,251
252,테마강좌,법정의무교육,안전보건교육,안전보건교육Ⅳ(현장근로자_유통업),6,252
253,테마강좌,법정의무교육,안전보건교육,2023 안전보건교육Ⅱ(현장근로자_제조업),6,학습중
254,테마강좌,법정의무교육,안전보건교육,2023 안전보건교육Ⅲ(현장근로자_제조업),6,학습중
255,테마강좌,법정의무교육,안전보건교육,2023 안전보건교육Ⅳ(현장근로자_제조업),6,학습중
256,테마강좌,법정의무교육,안전보건교육,2023 안전보건교육Ⅱ(현장근로자_건설업),6,학습중
257,테마강좌,법정의무교육,안전보건교육,2023 안전보건교육Ⅱ(현장근로자_보건업),6,학습중
258,테마강좌,법정의무교육,안전보건교육,2023 안전보건교육Ⅱ(현장근로자_서비스업),6,학습중
259,테마강좌,법정의무교육,안전보건교육,2023 안전보건교육Ⅱ(현장근로자_유통업),6,학습중
260,테마강좌,법정의무교육,안전보건교육,2023 안전보건교육Ⅲ(현장근로자_건설업),6,학습중
261,테마강좌,법정의무교육,안전보건교육,2023 안전보건교육Ⅲ(현장근로자_기타사업),6,학습중
262,테마강좌,법정의무교육,안전보건교육,2023 안전보건교육Ⅲ(현장근로자_보건업),6,학습중
263,테마강좌,법정의무교육,안전보건교육,2023 안전보건교육Ⅲ(현장근로자_서비스업),6,학습중
264,테마강좌,법정의무교육,안전보건교육,2023 안전보건교육Ⅲ(현장근로자_유통업),6,학습중
265,테마강좌,법정의무교육,안전보건교육,2023 안전보건교육Ⅳ(현장근로자_건설업),6,학습중
266,테마강좌,법정의무교육,안전보건교육,2023 안전보건교육Ⅳ(현장근로자_기타사업),6,학습중
267,테마강좌,법정의무교육,안전보건교육,2023 안전보건교육Ⅳ(현장근로자_보건업),6,학습중
268,테마강좌,법정의무교육,안전보건교육,2023 안전보건교육Ⅳ(현장근로자_서비스업),6,학습중
269,테마강좌,법정의무교육,안전보건교육,2023 안전보건교육Ⅳ(현장근로자_유통업),6,학습중
270,정규강좌,자격증,공인중개사,[2022 휴넷공인중개사-1차] 민법 및 민사특별법-실전 문제풀이,7,270
271,정규강좌,자격증,워드프로세스,[HD]워드프로세서 필기,7,학습중
272,정규강좌,자격증,공인중개사,[2022 휴넷공인중개사-1차] 민법 및 민사특별법-기출 문제풀이,7,272
273,정규강좌,자격증,공인중개사,[2022 휴넷공인중개사-1차] 부동산학개론-실력향상 문제풀이,7,273
274,정규강좌,자격증,공인중개사,[2023 휴넷공인중개사-1차] 민법 및 민사특별법-실력향상 문제풀이,7,학습중
275,정규강좌,자격증,공인중개사,[2023 휴넷공인중개사-1차] 민법 및 민사특별법-실전 문제풀이,7,학습중
276,정규강좌,자격증,공인중개사,[2023 휴넷공인중개사-2차] 중개사법령 및 중개실무-실력향상 문제풀이,7,학습중
277,정규강좌,자격증,공인중개사,[2022 휴넷공인중개사-1차] 민법 및 민사특별법-실력향상 문제풀이,7,277
278,정규강좌,자격증,공인중개사,[2022 휴넷공인중개사-1차] 부동산학개론-실전 문제풀이,7,278
279,정규강좌,자격증,공인중개사,[2023 휴넷공인중개사-2차] 부동산공법-기출 문제풀이,7,학습중
280,정규강좌,자격증,공인중개사,[2022 휴넷공인중개사-2차] 중개사법령 및 중개실무-실력향상 문제풀이,7,280
281,정규강좌,자격증,공인중개사,[2022 휴넷공인중개사-2차] 중개사법령 및 중개실무-실전 문제풀이,7,281
282,정규강좌,자격증,공인중개사,[2023 휴넷공인중개사-2차] 부동산공법-실력향상 문제풀이,7,학습중
283,정규강좌,자격증,공인중개사,[2023 휴넷공인중개사-2차] 부동산공법-실전 문제풀이,7,학습중
284,정규강좌,자격증,공인중개사,[2023 휴넷공인중개사-2차] 중개사법령 및 중개실무-기출 문제풀이,7,학습중
285,정규강좌,자격증,공인중개사,[2023 휴넷공인중개사-2차] 중개사법령 및 중개실무-실전 문제풀이,7,학습중
286,정규강좌,정보화/IT,엑셀/워드/한글,[오늘부터 정시퇴근] 엑셀 실무 테크닉 - 일잘러의 보고서 작성편,7,학습중
287,정규강좌,정보화/IT,파워포인트,[오늘부터 정시퇴근] 파워포인트 실무 테크닉 - 보고서 디자인편,7,학습중
288,정규강좌,정보화/IT,빅데이터,"한눈에 보는 빅데이터, 인포그래픽",7,학습중
289,정규강좌,정보화/IT,웹디자인,[HD]누구나 할수있다. 이모티콘 디자이너가 되어보자. Part.4 힙합 캐릭터 만들기,7,학습중
290,정규강좌,외국어,영어,토익 스피킹 실전 트레이닝 IH 넘기기2,7,학습중
291,정규강좌,자격증,공인중개사,[2023 휴넷공인중개사-1차] 부동산학개론-실력향상 문제풀이,8,학습중
292,정규강좌,자격증,정보처리기사,[핵심공략]정보처리기사_필기_소프트웨어개발,8,학습중
293,정규강좌,자격증,공인중개사,[2023 휴넷공인중개사-1차] 부동산학개론-실전 문제풀이,8,학습중
294,정규강좌,자격증,공인중개사,[2022 휴넷공인중개사-1차] 부동산학개론-기출 문제풀이,8,294
295,정규강좌,자격증,공인중개사,[2022 휴넷공인중개사-2차] 중개사법령 및 중개실무-기출 문제풀이,8,295
296,정규강좌,자격증,공인중개사,[2023 휴넷공인중개사-1차] 민법 및 민사특별법-기출 문제풀이,8,학습중
297,정규강좌,자격증,공인중개사,[2023 휴넷공인중개사-1차] 부동산학개론-기출 문제풀이,8,학습중
298,정규강좌,정보화/IT,디지털 트랜스포메이션,[디지털융합] 디지털 대전환을 주도하는 플랫폼과 사물인터넷,8,학습중
299,정규강좌,정보화/IT,SNS활용,페이스북 마케팅 실전기법,8,학습중
300,정규강좌,취업,직업기초능력,[쉬플리 세일즈] 빈틈없는 제안서 작성법,8,학습중
301,정규강좌,취업,직업기초능력,"[쉬플리 세일즈] 당신을 각인 시켜라, Impressive 제안 프레젠테이션",8,학습중
302,정규강좌,취업,직업기초능력,[SSS급 루키] 야근은 싫고 성과는 내고 싶을 때 필요한 소프트스킬.zip,8,학습중
303,정규강좌,취업,직업기초능력,[쉬플리 세일즈] 수주의 핵심은 전략이다. Powerful한 제안 전략,8,학습중
304,정규강좌,취업,직업기초능력,[류재언의 협상 마스터] 내 편으로 만드는 협상의 심리학,8,학습중
305,정규강좌,취업,직업기초능력,[류재언의 협상 마스터] 차이를 결정짓는 협상의 디테일,8,학습중
306,정규강좌,취업,직업기초능력,[SSS급 루키] 탑티어 기획자의 생각법,8,학습중
307,정규강좌,생활/인문교양,건강,[홈트여신] 장유진과 함께하는 10분 피트니스,8,학습중
308,정규강좌,생활/인문교양,건강,[홈트여신] 황아영과 함께하는 10분 요가,8,학습중
309,정규강좌,외국어,영어,토익 스피킹 실전 트레이닝 IH 넘기기1,8,학습중
310,정규강좌,외국어,일본어,JLPT 한 권으로 끝내기 N2 - 문법 단기 공략,8,학습중
311,정규강좌,외국어,일본어,JLPT 한 권으로 끝내기 N2 - 독해,8,학습중
312,정규강좌,외국어,일본어,JLPT 한 권으로 끝내기 N2 - 문자어휘,8,학습중
313,정규강좌,정보화/IT,파워포인트,[오늘부터 정시퇴근] 파워포인트 실무 테크닉 - 슬라이드 디자인편,9,학습중
314,정규강좌,정보화/IT,엑셀/워드/한글,[HD]왕초보를 위한 한글 2020,9,학습중
315,정규강좌,정보화/IT,엑셀/워드/한글,[HD]한글 2020을 활용한 업무용 문서 만들기,9,학습중
316,정규강좌,정보화/IT,엑셀/워드/한글,[오늘부터 정시퇴근] 엑셀 실무 테크닉 - 빅데이터 분석&시각화편,9,학습중
317,정규강좌,정보화/IT,디지털 트랜스포메이션,[디지털융합] [4차 산업혁명과 미래] 혁신기술과 경영전략,9,학습중
318,정규강좌,정보화/IT,웹디자인,[HD]누구나 할수있다. 이모티콘 디자이너가 되어보자. Part.5 디아블로코믹 이모티콘 만들기,9,학습중
319,정규강좌,정보화/IT,SNS활용,왜 이 광고를 보면 사고 싶을까-페이스북 퍼포먼스 마케팅,9,학습중
320,정규강좌,정보화/IT,SNS활용,[디지털마케팅] 그로스해킹 & 구글애널리틱스,9,학습중
321,정규강좌,정보화/IT,빅데이터,[디지털융합] [AI ＆ Bigdata] AI가 알려주는 비즈니스 전략,9,학습중
322,정규강좌,정보화/IT,디지털 트랜스포메이션,[디지털융합] [DT 응급키트] 디지털 비즈니스 혁신전략,9,학습중
323,정규강좌,정보화/IT,SNS활용,[디지털융합] 데이터로 말하는 앱마케팅 성과분석,9,학습중
324,정규강좌,정보화/IT,SNS활용,[Micro Learning] Real Marketing Skill,9,학습중
325,정규강좌,정보화/IT,SNS활용,왜 이 광고를 보면 사고 싶을까-구글애즈,9,학습중
326,정규강좌,취업,직업기초능력,[버츄얼 셀링] 만나지 않았지만 계약합니다,9,학습중
327,정규강좌,취업,직무적성검사,"[세일즈 뉴노멀] 어쩌다 고성과자, 세일즈마케팅을 통한 신시장 개척",9,학습중
328,정규강좌,자격증,정보처리기사,[핵심공략]정보처리기사_필기_소프트웨어설계,10,학습중
329,정규강좌,자격증,정보처리기사,[핵심공략]정보처리기사_필기_프로그래밍언어활용,10,학습중
330,정규강좌,자격증,전산세무,2022년 Grace 전산세무2급(실기),10,학습중
331,정규강좌,정보화/IT,엑셀/워드/한글,[HD]실무로 배우는 워드 2019,10,학습중
332,정규강좌,정보화/IT,프로그래밍,나의 첫 웹크롤링 ＆ 텍스트마이닝 with 파이썬,10,학습중
333,정규강좌,생활/인문교양,인문,[그리스 로마 신화] 신과 영웅의 大 서사시,10,학습중
334,정규강좌,생활/인문교양,인문,논어에서 배우는 리더의 지혜,10,학습중
335,정규강좌,생활/인문교양,건강,[소확성] 몸맹 탈출! 피트니스 큐레이터가 제안하는 올바른 운동법,10,학습중
336,정규강좌,생활/인문교양,인문,남도정신문화 강연회,10,학습중
337,정규강좌,생활/인문교양,건강,"[소확성] 롱런을 위한 원픽 투자처, 내 몸에 투자하라",10,학습중
338,정규강좌,생활/인문교양,인문,[소확성] 지구와의 공존을 모색하는 가장 쉬운 기후 수업,10,학습중
339,정규강좌,외국어,영어,750+ 토익 뽀개기 - RC공략 편 (1),10,학습중
340,정규강좌,외국어,기타 외국어,버전업! The 바른 브라질 포르투갈어,10,학습중
341,정규강좌,자격증,정보처리기사,[핵심공략]정보처리기사_필기_데이터베이스,11,학습중
342,정규강좌,정보화/IT,디지털 트랜스포메이션,"디지털 혁신의 비밀, 데이터 커뮤니케이션",11,학습중
343,정규강좌,정보화/IT,SNS활용,고객을 유혹하는 콘텐츠마케팅,11,학습중
344,정규강좌,취업,직무적성검사,"[세일즈 뉴노멀] Value Selling을 통한 거래 확대, 핵심 거래처 관리 전략",11,학습중
345,정규강좌,외국어,영어,750+ 토익 뽀개기 - LC공략 편 (1),11,학습중
346,정규강좌,외국어,중국어,30일 완성! HSK4급 단기 속성 마스터 플랜 (1),11,학습중
347,정규강좌,외국어,영어,750+ 토익 뽀개기 - RC공략 편 (2),11,학습중
348,정규강좌,자격증,유통관리사,[이론+기출 단기완성]유통관리사2급(유통물류 일반관리),12,학습중
349,정규강좌,자격증,공인중개사,[2023 휴넷공인중개사-2차] 부동산공시법-기본이론,12,학습중
350,정규강좌,정보화/IT,메타버스,[디지털융합] 메타버스로 혁신하는 비즈니스 전략,12,학습중
351,정규강좌,정보화/IT,빅데이터,"처음 시작하는 데이터 분석, 엑셀",12,학습중
352,정규강좌,취업,직업기초능력,마음을 훔치는 취향저격 보이스 코칭,12,학습중
353,정규강좌,취업,직업기초능력,팔리는 브랜드 경험을 만드는 데이터 마케팅,12,학습중
354,정규강좌,취업,직업기초능력,"[SSS급 인재] 팔리는 기획에는 이것이 있다, 비즈니스 오너십",12,학습중
355,정규강좌,외국어,영어,750+ 토익 뽀개기 - LC공략 편 (2),12,학습중
356,정규강좌,자격증,CS리더관리사,CS리더스관리사 - CS개론,13,학습중
357,정규강좌,자격증,CS리더관리사,CS리더스관리사 - 고객관리실무론,13,학습중
358,정규강좌,정보화/IT,디지털 트랜스포메이션,"[디지털융합] 디지털 혁신의 비밀, 데이터 문제해결력",13,학습중
359,정규강좌,취업,직무적성검사,[세일즈 뉴노멀] 영업조직 전략 개발,13,학습중
360,정규강좌,생활/인문교양,건강,"[소확성] 완전 소화, 맘껏 먹고 가볍게 살기",13,학습중
361,정규강좌,생활/인문교양,재테크/자녀교육,"워킹맘&워킹대디, 사춘기 자녀 속마음이 궁금해!",13,학습중
362,정규강좌,생활/인문교양,재테크/자녀교육,나는 오늘도 경제적 자유를 꿈꾼다,13,학습중
363,정규강좌,자격증,재경관리사,[2020 재경관리사] 한 번에 착 붙는 재무회계 문제풀이,14,학습중
364,정규강좌,자격증,재경관리사,[2020 재경관리사] 한 번에 착 붙는 원가관리회계 문제풀이,14,학습중
365,정규강좌,자격증,공인중개사,[2023 휴넷공인중개사-2차] 부동산세법-기본이론,14,학습중
366,정규강좌,자격증,CS리더관리사,CS리더스관리사 - CS전략론,14,학습중
367,정규강좌,자격증,공인중개사,[2022 휴넷공인중개사-2차] 부동산세법-기본이론,14,367
368,정규강좌,정보화/IT,웹디자인,[HD]Illustrator CC 2020 제대로 배우기,14,학습중
369,정규강좌,외국어,중국어,30일 완성! HSK4급 단기 속성 마스터 플랜 (2),14,학습중
370,정규강좌,자격증,전산세무,2022년 Grace 전산세무2급(필기),15,학습중
371,정규강좌,정보화/IT,인공지능,"디지털 트랜스포메이션의 핵심 인공지능, 쉽게 이해하기",15,학습중
372,정규강좌,취업,직무적성검사,[사원역량강화스쿨] 상위 1%가 일하는 법,15,학습중
373,정규강좌,취업,창업,창업 시크릿 : 한 번에 성공하는 절대 비법,15,학습중
374,정규강좌,시민교육,시민교육,광주형 3대뉴딜 대강좌,15,학습중
375,정규강좌,시민교육,저작권,생활 속 저작권 Q&A - 일상생활편,15,학습중
376,정규강좌,시민교육,저작권,실무에서 바로 쓰는 공무원을 위한 저작권법,15,학습중
377,정규강좌,시민교육,저작권,대학생을 위한 저작권 노트,15,학습중
378,정규강좌,시민교육,저작권,생활 속 저작권 Q&A - 인터넷 오락편,15,학습중
379,정규강좌,시민교육,저작권,생활 속 저작권 Q&A - 회사학교편,15,학습중
380,정규강좌,외국어,일본어,한 번에 끝내는 일본어 첫걸음,15,학습중
381,정규강좌,외국어,중국어,119 유튜버 닥터린의 중국어 응급 처치 - 초급 편 (1),15,학습중
382,정규강좌,외국어,중국어,119 유튜버 닥터린의 중국어 응급 처치 - 초급 편 (2),15,학습중
383,정규강좌,외국어,일본어,15초 따라 하기 말이 되는 일문법 (1),15,학습중
384,정규강좌,외국어,중국어,119 유튜버 닥터린의 중국어 응급 처치 - 초급 탈출 편 (1),15,학습중
385,정규강좌,외국어,중국어,119 유튜버 닥터린의 중국어 응급 처치 - 초급 탈출 편 (2),15,학습중
386,정규강좌,외국어,일본어,15초 따라 하기 말이 되는 일문법 (2),15,학습중
387,정규강좌,자격증,생활교양자격증,스피치지도사,16,학습중
388,정규강좌,자격증,생활교양자격증,아동요리지도사,16,학습중
389,정규강좌,자격증,생활교양자격증,다문화심리상담사,16,학습중
390,정규강좌,자격증,생활교양자격증,가족상담사,16,학습중
391,정규강좌,자격증,생활교양자격증,동화구연지도사,16,학습중
392,정규강좌,자격증,생활교양자격증,소셜스토리텔러,16,학습중
393,정규강좌,자격증,생활교양자격증,식습관코치,16,학습중
394,정규강좌,자격증,생활교양자격증,아동수학지도사,16,학습중
395,정규강좌,취업,창업,"[전직지원] 끝이 아닌 새로운 시작, 창업",16,학습중
396,정규강좌,취업,인생이모작,"커리어 2라운드, 새롭게 커리어로 도약하는 법",16,학습중
397,정규강좌,외국어,기타 외국어,The 바른 러시아어 첫걸음,16,학습중
398,정규강좌,외국어,기타 외국어,패턴의 법칙 스페인어 첫걸음,16,학습중
399,정규강좌,외국어,기타 외국어,버전업! The 바른 프랑스어,16,학습중
400,정규강좌,다문화,-,한국문화와 현대사회의 이해,16,학습중
401,정규강좌,정보화/IT,엑셀/워드/한글,[오늘부터 정시퇴근] 엑셀 실무 데이터 분석 2016+365,17,학습중
402,정규강좌,정보화/IT,빅데이터,[디지털융합] 처음 배우는 머신러닝,17,학습중
403,정규강좌,정보화/IT,웹디자인,모두의 포토샵 CC,17,학습중
404,정규강좌,정보화/IT,파워포인트,[오늘부터 정시퇴근] 파워포인트 실무 디자인 2016+365,17,학습중
405,정규강좌,정보화/IT,디지털 트랜스포메이션,"[디지털융합] [데이터 리터러시] 의견은 됐고, 데이터로 말하라",17,학습중
406,정규강좌,정보화/IT,엑셀/워드/한글,빨리 배워 바로 쓰는 워드 2013,17,학습중
407,정규강좌,정보화/IT,SNS활용,"마케팅, 판이 달라진다 - DT시대의 디지털 마케팅",17,학습중
408,정규강좌,정보화/IT,웹디자인,모두의 일러스트레이터 CC,17,학습중
409,정규강좌,정보화/IT,SNS활용,왜 이 광고를 보면 사고 싶을까-퍼포먼스 마케팅,17,학습중
410,정규강좌,취업,직업기초능력,[세.젤.쉬] 세상 쉬운 프레젠테이션 디자인,17,학습중
411,정규강좌,취업,직업기초능력,설득력을 높이는 데이터 시각화 : 파워포인트 ＆ 엑셀,17,학습중
412,정규강좌,취업,직업기초능력,"[일잘러의 3종 스킬] 기획력, 문서작성력, 보고법",17,학습중
413,정규강좌,취업,직무적성검사,[MARKETING 5.0] 힙한 브랜드를 만드는 디지털 마케팅 커뮤니케이션,17,학습중
414,정규강좌,정보화/IT,SNS활용,디지털 마케터를 위한 구글애널리틱스(GA),18,학습중
415,정규강좌,취업,직무적성검사,[MARKETING 5.0] 힙한 기업을 만드는 디지털 마케팅 전략 수립,18,학습중
416,정규강좌,생활/인문교양,인문,"삶의 소중함을 위한 성찰, 직장인을 위한 죽음교육",18,학습중
417,정규강좌,자격증,전산회계,[원패스] 전산회계 2급 종합반,19,학습중
418,정규강좌,자격증,전산세무,2022년 Grace 전산세무1급(실기),19,학습중
419,정규강좌,자격증,컴퓨터활용능력,[온캠] 한번에 끝내는 컴퓨터활용능력 2급 필기,20,학습중
420,정규강좌,자격증,생활교양자격증,심리상담사,20,학습중
421,정규강좌,자격증,생활교양자격증,방과후지도사,20,학습중
422,정규강좌,자격증,공인중개사,[2023 휴넷공인중개사-1차] 부동산학개론-기본이론,20,학습중
423,정규강좌,자격증,생활교양자격증,아동심리상담사,20,학습중
424,정규강좌,자격증,생활교양자격증,미술심리상담사,20,학습중
425,정규강좌,자격증,생활교양자격증,자기주도학습지도사,20,학습중
426,정규강좌,자격증,생활교양자격증,독서지도사,20,학습중
427,정규강좌,자격증,생활교양자격증,학교폭력예방상담사,20,학습중
428,정규강좌,자격증,유통관리사,[이론+기출 단기완성]유통관리사2급(상권분석),20,학습중
429,정규강좌,자격증,유통관리사,[이론+기출 단기완성]유통관리사2급(유통정보),20,학습중
430,정규강좌,정보화/IT,영상편집,[HD]Adobe Premiere Pro CC 2021 영상 편집의 입문 Part.1,20,학습중
431,정규강좌,정보화/IT,영상편집,[HD]Adobe Premiere Pro CC 2021 영상 편집의 입문 Part.3,20,학습중
432,정규강좌,정보화/IT,영상편집,[HD]Adobe Premiere Pro CC 2021 영상 편집의 입문 Part.4,20,학습중
433,정규강좌,취업,직업기초능력,"하루 10분, 작은 습관의 위대한 변화",20,학습중
434,정규강좌,취업,직업기초능력,"하루 10분, 매력적인 나를 만드는 셀프 브랜딩",20,학습중
435,정규강좌,취업,직업기초능력,NCS 직업기초능력평가,20,학습중
436,정규강좌,자격증,전산회계,[원패스] 전산회계 1급 종합반,21,학습중
437,정규강좌,자격증,공인중개사,[2023 휴넷공인중개사-1차] 민법 및 민사특별법-기본이론,21,학습중
438,정규강좌,자격증,공인중개사,[2023 휴넷공인중개사-2차] 부동산공법-기본이론,22,학습중
439,정규강좌,정보화/IT,빅데이터,[디지털융합] [완벽한 DX 가이드] 빅데이터 분석을 위한 파이썬 기초,22,학습중
440,정규강좌,정보화/IT,영상편집,[HD]Adobe Premiere Pro CC 2021 영상 편집의 입문 Part.2,22,학습중
441,정규강좌,정보화/IT,빅데이터,[디지털융합] [완벽한 DX 가이드] 머신러닝을 활용한 빅데이터 분석,22,학습중
442,정규강좌,정보화/IT,빅데이터,[디지털융합] [완벽한 DX 가이드] 빅데이터 분석을 위한 SQL 활용,22,학습중
443,정규강좌,정보화/IT,빅데이터,[디지털융합] [완벽한 DX 가이드] R을 활용한 빅데이터 분석,22,학습중
444,정규강좌,자격증,재경관리사,[2020 재경관리사] 한 번에 착 붙는 원가관리회계 합격이론,23,학습중
445,정규강좌,자격증,사무자동화산업기사,[온캠] 한번에 끝내는 사무자동화산업기사 필기+기출문제,23,학습중
446,정규강좌,자격증,생활교양자격증,노인심리상담사,25,학습중
447,정규강좌,자격증,생활교양자격증,학습코칭지도사,25,학습중
448,정규강좌,자격증,생활교양자격증,부부심리상담사,25,학습중
449,정규강좌,자격증,유통관리사,[이론+기출 단기완성]유통관리사2급(유통마케팅),25,학습중
450,정규강좌,자격증,생활교양자격증,인문고전독서지도사,25,학습중
451,정규강좌,자격증,생활교양자격증,진로상담사,25,학습중
452,정규강좌,자격증,전산세무,2022년 Grace 전산세무1급(필기),26,학습중
453,정규강좌,자격증,주택관리사,박문각 주택관리사 - 기본 - 공동주택 관리실무,26,학습중
454,정규강좌,자격증,생활교양자격증,아동과학지도사,26,학습중
455,정규강좌,자격증,주택관리사,2022 박문각 주택관리사 - 기본 - 회계원리,28,455
456,정규강좌,자격증,사무자동화산업기사,[온캠] 한번에 끝내는 사무자동화산업기사 실기,30,학습중
457,정규강좌,자격증,한국사능력검정,"[이론+기출+모의고사 한번에 완성]한국사능력검정시험 심화 고급(1급,2급)(2)",30,학습중
458,정규강좌,자격증,주택관리사,2022 박문각 주택관리사 - 기본 - 공동주택 관리실무,32,458
459,정규강좌,자격증,주택관리사,2022 박문각 주택관리사 - 기본 - 주택관리 관계법규,32,459
460,정규강좌,자격증,재경관리사,[2020 재경관리사] 한 번에 착 붙는 재무회계 합격이론,33,학습중
461,정규강좌,자격증,한국사능력검정,"[이론+기출+모의고사 한번에 완성]한국사능력검정시험 심화 고급(1급,2급)(1)",34,학습중
462,정규강좌,자격증,주택관리사,박문각 주택관리사 - 기본 - 주택관리 관계법규,35,학습중
463,정규강좌,자격증,한국사능력검정,[이론+기출+모의고사 한번에 완성]한국사능력검정시험 심화 3급,38,학습중
464,정규강좌,정보화/IT,프로그래밍,처음 시작하는 자바 프로그래밍-초급,38,학습중
465,정규강좌,자격증,주택관리사,박문각 주택관리사 - 기본 - 회계원리,41,학습중
466,정규강좌,자격증,컴퓨터활용능력,[온캠] 한번에 끝내는 컴퓨터활용능력 2급 실기,45,학습중
467,정규강좌,자격증,주택관리사,박문각 주택관리사 - 기본 - 공동주택 시설개론,46,학습중
468,정규강좌,자격증,주택관리사,박문각 주택관리사 - 기본 - 민법,51,학습중
469,정규강좌,정보화/IT,프로그래밍,[디지털융합] 유니티로 만드는 VR/AR 콘텐츠 기획+개발 스쿨,52,학습중
470,정규강좌,자격증,주택관리사,2022 박문각 주택관리사 - 기본 - 공동주택 시설개론,64,470
471,정규강좌,자격증,주택관리사,2022 박문각 주택관리사 - 기본 - 민법,77,471
472,정규강좌,정보화/IT,프로그래밍,비전공자를 위한 웹 개발 스쿨 - HTML5/CSS3,93,학습중
